--ADMIN (done)
INSERT INTO Admin VALUES ('admin_1', 'pw1343642');
INSERT INTO Admin VALUES ('admin_2', 'pw7637746');
INSERT INTO Admin VALUES ('admin_3', 'pw4954350');
INSERT INTO Admin VALUES ('admin_4', 'pw6515929');
INSERT INTO Admin VALUES ('admin_5', 'pw0938595');
INSERT INTO Admin VALUES ('admin_6', 'pw8357651');
INSERT INTO Admin VALUES ('admin_7', 'pw7622800');
INSERT INTO Admin VALUES ('admin_8', 'pw4453871');
INSERT INTO Admin VALUES ('admin_9', 'pw2287622');
INSERT INTO Admin VALUES ('admin_10', 'pw9014274');
--------------------------------------------------------
--USER (done)
INSERT INTO Users VALUES ('user_1', 'pw1343642', '민서호', '대구 서구', '01076096244');
INSERT INTO Users VALUES ('user_2', 'pw4722452', '조지윤', '대구 북구', '01089331704');
INSERT INTO Users VALUES ('user_3', 'pw3898088', '임민연', '대구 수성구', '01080182636');
INSERT INTO Users VALUES ('user_4', 'pw5911534', '이하준', '대구 북구', '01064954613');
INSERT INTO Users VALUES ('user_5', 'pw0092049', '고주진', '대구 서구', '01072585260');
INSERT INTO Users VALUES ('user_6', 'pw5276294', '오윤연', '대구 중구', '01023086654');
INSERT INTO Users VALUES ('user_7', 'pw2187810', '윤도준', '대구 달서구', '01091626983');
INSERT INTO Users VALUES ('user_8', 'pw9221885', '이예진', '대구 북구', '01074314666');
INSERT INTO Users VALUES ('user_9', 'pw8955753', '전채서', '대구 중구', '01028415936');
INSERT INTO Users VALUES ('user_10', 'pw9734514', '윤채서', '대구 서구', '01024273997');
INSERT INTO Users VALUES ('user_11', 'pw7974042', '조지우', '대구 동구', '01088273202');
INSERT INTO Users VALUES ('user_12', 'pw7758376', '전하윤', '대구 수성구', '01050842648');
INSERT INTO Users VALUES ('user_13', 'pw7784426', '장주후', '대구 수성구', '01002957496');
INSERT INTO Users VALUES ('user_14', 'pw0434872', '전현은', '대구 수성구', '01017034919');
INSERT INTO Users VALUES ('user_15', 'pw5022385', '김지아', '대구 서구', '01051377166');
INSERT INTO Users VALUES ('user_16', 'pw9524673', '임하연', '대구 수성구', '01054799630');
INSERT INTO Users VALUES ('user_17', 'pw9571162', '김주아', '대구 동구', '01077739718');
INSERT INTO Users VALUES ('user_18', 'pw2054852', '김윤후', '대구 동구', '01041340004');
INSERT INTO Users VALUES ('user_19', 'pw8133515', '조하준', '대구 서구', '01059985518');
INSERT INTO Users VALUES ('user_20', 'pw8045694', '권예아', '대구 달서구', '01009160140');
INSERT INTO Users VALUES ('user_21', 'pw5510291', '민도준', '대구 북구', '01086807809');
INSERT INTO Users VALUES ('user_22', 'pw4529987', '오도원', '대구 북구', '01079728771');
INSERT INTO Users VALUES ('user_23', 'pw1846101', '정서우', '대구 중구', '01052738039');
INSERT INTO Users VALUES ('user_24', 'pw1681449', '정지호', '대구 수성구', '01032200176');
INSERT INTO Users VALUES ('user_25', 'pw4737710', '김도서', '대구 서구', '01079620301');
INSERT INTO Users VALUES ('user_26', 'pw2584208', '정채원', '대구 달서구', '01097555343');
INSERT INTO Users VALUES ('user_27', 'pw2253740', '조예준', '대구 서구', '01070460562');
INSERT INTO Users VALUES ('user_28', 'pw6781757', '장지진', '대구 남구', '01052389543');
INSERT INTO Users VALUES ('user_29', 'pw0307002', '권현후', '대구 북구', '01073745125');
INSERT INTO Users VALUES ('user_30', 'pw1256833', '최민호', '대구 달서구', '01007644615');
INSERT INTO Users VALUES ('user_31', 'pw9171763', '정예서', '대구 남구', '01000848026');
INSERT INTO Users VALUES ('user_32', 'pw8787178', '김현원', '대구 남구', '01082791315');
INSERT INTO Users VALUES ('user_33', 'pw8698864', '오현아', '대구 서구', '01020040745');
INSERT INTO Users VALUES ('user_34', 'pw0990253', '임지서', '대구 서구', '01010442422');
INSERT INTO Users VALUES ('user_35', 'pw6659575', '정채연', '대구 중구', '01061212836');
INSERT INTO Users VALUES ('user_36', 'pw4023247', '정민우', '대구 달서구', '01032774070');
INSERT INTO Users VALUES ('user_37', 'pw9870497', '오예후', '대구 남구', '01026653545');
INSERT INTO Users VALUES ('user_38', 'pw0964051', '조채후', '대구 달서구', '01098550822');
INSERT INTO Users VALUES ('user_39', 'pw2346404', '전민윤', '대구 남구', '01016655255');
INSERT INTO Users VALUES ('user_40', 'pw5382087', '정하은', '대구 중구', '01033885158');
INSERT INTO Users VALUES ('user_41', 'pw1139129', '최현연', '대구 동구', '01055117047');
INSERT INTO Users VALUES ('user_42', 'pw1042749', '김주윤', '대구 달서구', '01099123337');
INSERT INTO Users VALUES ('user_43', 'pw1473283', '박하윤', '대구 북구', '01057078152');
INSERT INTO Users VALUES ('user_44', 'pw2237140', '이도후', '대구 동구', '01053429418');
INSERT INTO Users VALUES ('user_45', 'pw1143161', '고도윤', '대구 달서구', '01029573793');
INSERT INTO Users VALUES ('user_46', 'pw6136769', '김서서', '대구 달서구', '01088506007');
INSERT INTO Users VALUES ('user_47', 'pw0400235', '최현서', '대구 북구', '01045090861');
INSERT INTO Users VALUES ('user_48', 'pw6808900', '박서서', '대구 달서구', '01097026403');
INSERT INTO Users VALUES ('user_49', 'pw9092227', '정채호', '대구 중구', '01010012914');
INSERT INTO Users VALUES ('user_50', 'pw6520501', '김민준', '대구 수성구', '01059657064');
-----------------------------------------------------------
--THING (done)
INSERT INTO Thing VALUES (17050121, 'admin_1', '사월동버거', 'Q01A01', 128.712138415124, 35.8366126400214, '대구광역시', '수성구', '신매동');
INSERT INTO Thing VALUES (18390076, 'admin_1', '눈꽃을나누다', 'Q01A01', 128.596390517262, 35.9193801029699, '대구광역시', '북구', '서변동');
INSERT INTO Thing VALUES (23178356, 'admin_1', '종가집곰탕', 'Q01A09', 128.560535960223, 35.8347744268347, '대구광역시', '남구', '대명동');
INSERT INTO Thing VALUES (16642883, 'admin_1', '동인정취', 'Q12A01', 128.607423137614, 35.8696081145262, '대구광역시', '중구', '동인동4가');
INSERT INTO Thing VALUES (16630137, 'admin_1', '신참떡볶이', 'Q04A03', 128.549755858937, 35.8621704945672, '대구광역시', '서구', '내당동');
INSERT INTO Thing VALUES (16947896, 'admin_2', '황금쭈꾸미집', 'Q03A13', 128.561753377202, 35.9429632964784, '대구광역시', '북구', '동천동');
INSERT INTO Thing VALUES (17163701, 'admin_2', '바디메이트', 'Q01A01', 128.618193489237, 35.851950355993, '대구광역시', '수성구', '수성동3가');
INSERT INTO Thing VALUES (16410914, 'admin_2', '대옥생고기', 'Q01A01', 128.560312777151, 35.8675657275681, '대구광역시', '서구', '평리동');
INSERT INTO Thing VALUES (26431599, 'admin_2', '카네기홀', 'Q06A01', 128.623988765222, 35.8921463208189, '대구광역시', '북구', '복현동');
INSERT INTO Thing VALUES (25592608, 'admin_2', '소나무', 'Q01A99', 128.633851883649, 35.8579977713033, '대구광역시', '수성구', '범어동');
INSERT INTO Thing VALUES (18120193, 'admin_3', '상무초밥', 'Q03A03', 128.623047799597, 35.8611007480728, '대구광역시', '수성구', '범어동');
INSERT INTO Thing VALUES (26303950, 'admin_3', '엘지커피솝', 'Q12A01', 128.529087830889, 35.8295089939804, '대구광역시', '달서구', '월성동');
INSERT INTO Thing VALUES (23266088, 'admin_3', '자기야', 'Q09A01', 128.558805717025, 35.8642558726644, '대구광역시', '서구', '평리동');
INSERT INTO Thing VALUES (18118531, 'admin_3', '위치위치샌드위치월성', 'Q07A05', 128.513265764864, 35.816571363996, '대구광역시', '달서구', '유천동');
INSERT INTO Thing VALUES (25292488, 'admin_3', '굽네치킨대구메트로점', 'Q05A08', 128.643713373685, 35.8643988012267, '대구광역시', '수성구', '만촌동');
INSERT INTO Thing VALUES (15955832, 'admin_4', '미송식당', 'Q01A01', 128.70838476848, 35.8675860915438, '대구광역시', '동구', '서호동');
INSERT INTO Thing VALUES (19913970, 'admin_4', '고향맛식당', 'Q01A01', 128.582383770191, 35.8995928485756, '대구광역시', '북구', '침산동');
INSERT INTO Thing VALUES (18095238, 'admin_4', '프랭크버거', 'Q07A04', 128.640578544071, 35.8215666327202, '대구광역시', '수성구', '범물동');
INSERT INTO Thing VALUES (17852141, 'admin_4', '피자스쿨', 'Q07A01', 128.554071901999, 35.8554808586959, '대구광역시', '달서구', '두류동');
INSERT INTO Thing VALUES (12518380, 'admin_4', '똘방천', 'Q01A01', 128.623802680127, 35.8797181109509, '대구광역시', '동구', '신암동');
INSERT INTO Thing VALUES (18070554, 'admin_5', '직화볶음찜닭볶찜', 'Q05A04', 128.54610549266, 35.8481624988764, '대구광역시', '달서구', '성당동');
INSERT INTO Thing VALUES (16731142, 'admin_5', '라브디저트공방', 'Q08A01', 128.639561537614, 35.8782382002656, '대구광역시', '동구', '효목동');
INSERT INTO Thing VALUES (12661454, 'admin_5', '명덕총각족발태전점', 'Q01A08', 128.552040419664, 35.9297049593694, '대구광역시', '북구', '태전동');
INSERT INTO Thing VALUES (18013943, 'admin_5', '제육대가', 'Q01A01', 128.611205682604, 35.8848663058466, '대구광역시', '북구', '대현동');
INSERT INTO Thing VALUES (16679243, 'admin_5', '파스쿠찌', 'Q12A01', 128.622512658466, 35.853550439849, '대구광역시', '수성구', '범어동');
INSERT INTO Thing VALUES (17470753, 'admin_6', '애프터파스타', 'Q01A01', 128.612988400266, 35.8445410955557, '대구광역시', '수성구', '중동');
INSERT INTO Thing VALUES (12074539, 'admin_6', '충청도집', 'Q01A01', 128.604513036859, 35.8392752193513, '대구광역시', '남구', '봉덕동');
INSERT INTO Thing VALUES (26248029, 'admin_6', '세시봉', 'Q09A01', 128.521216247119, 35.8545552865201, '대구광역시', '달서구', '용산동');
INSERT INTO Thing VALUES (25709407, 'admin_6', '속시원한대구탕', 'Q03A08', 128.646784342538, 35.8157739232522, '대구광역시', '수성구', '범물동');
INSERT INTO Thing VALUES (17063413, 'admin_6', '심야식당스툴', 'Q13A01', 128.596706080429, 35.8713743325817, '대구광역시', '중구', '문화동');
INSERT INTO Thing VALUES (17856847, 'admin_7', '김밥엔부산어묵', 'Q04A01', 128.619036371749, 35.8834652146412, '대구광역시', '동구', '신암동');
INSERT INTO Thing VALUES (18042774, 'admin_7', '집밥한입만', 'Q01A01', 128.617677125181, 35.8752972447562, '대구광역시', '동구', '신천동');
INSERT INTO Thing VALUES (19994629, 'admin_7', '대구막창솟대마을', 'Q01A03', 128.654838356541, 35.8788138572229, '대구광역시', '동구', '효목동');
INSERT INTO Thing VALUES (16726942, 'admin_7', '스타벅스', 'Q12A01', 128.480147916509, 35.8538971823181, '대구광역시', '달서구', '신당동');
INSERT INTO Thing VALUES (17720028, 'admin_7', '순수닭다리살1.1치킨', 'Q05A08', 128.521961420862, 35.8567603047929, '대구광역시', '달서구', '용산동');
INSERT INTO Thing VALUES (17572409, 'admin_8', '술꽃포차', 'Q09A02', 128.456517895131, 35.8687350314028, '대구광역시', '달성군', '다사읍');
INSERT INTO Thing VALUES (17262371, 'admin_8', '미향돼지국밥', 'Q01A01', 128.629962791584, 35.8758283191376, '대구광역시', '동구', '신천동');
INSERT INTO Thing VALUES (25290079, 'admin_8', '장수상회', 'Q01A01', 128.641664305033, 35.8656986499569, '대구광역시', '수성구', '만촌동');
INSERT INTO Thing VALUES (25755835, 'admin_8', '대해생고기', 'Q01A02', 128.642159982315, 35.8681205522564, '대구광역시', '수성구', '만촌동');
INSERT INTO Thing VALUES (16718508, 'admin_8', '우야꼬닭강정', 'Q05A08', 128.725670413858, 35.8712684491934, '대구광역시', '동구', '신서동');
INSERT INTO Thing VALUES (20546259, 'admin_9', '이모네식당', 'Q01A01', 128.612532457535, 35.8960719436259, '대구광역시', '북구', '산격동');
INSERT INTO Thing VALUES (23382779, 'admin_9', '옛날통닭', 'Q05A08', 128.713512201957, 35.8688806834395, '대구광역시', '동구', '동호동');
INSERT INTO Thing VALUES (26390340, 'admin_9', '자매칼국수', 'Q04A01', 128.61188419773, 35.8434651327899, '대구광역시', '수성구', '중동');
INSERT INTO Thing VALUES (16060477, 'admin_9', '쉼커피', 'Q01A01', 128.568581732274, 35.9507996000587, '대구광역시', '북구', '학정동');
INSERT INTO Thing VALUES (17126506, 'admin_9', '포도다방', 'Q12A01', 128.563556622217, 35.8878032705359, '대구광역시', '서구', '비산동');
INSERT INTO Thing VALUES (18223652, 'admin_10', '청솔로9', 'Q12A01', 128.608479923718, 35.8803735473643, '대구광역시', '북구', '대현동');
INSERT INTO Thing VALUES (25458448, 'admin_10', '왕소금구이', 'Q01A99', 128.631461166517, 35.8259772957524, '대구광역시', '수성 구', '지산동');
INSERT INTO Thing VALUES (23317507, 'admin_10', '다빈치', 'Q12A01', 128.574750902372, 35.8596920597945, '대구광역시', '남구', ' 대명동');
INSERT INTO Thing VALUES (19914111, 'admin_10', '청도추어탕', 'Q01A01', 128.478247675291, 35.854571744264, '대구광역시', '달서', '호산동');
INSERT INTO Thing VALUES (26070557, 'admin_10', '네네치킨화원점', 'Q05A08', 128.495664465549, 35.7978073003374, '대구광역시', '달성군', '화원읍');
------------------------------------------------
--THINGRANK (done)
INSERT INTO THINGRANK VALUES ('for_match1', '17572409', 'user_45', 1, '6626-9-9', '1067-4-28');
INSERT INTO THINGRANK VALUES ('for_match2', '17050121', 'user_19', 2, '9265-2-7', '8429-12-12');
INSERT INTO THINGRANK VALUES ('for_match3', '12661454', 'user_26', 3, '4621-10-1', '7646-8-24');
INSERT INTO THINGRANK VALUES ('for_match4', '15955832', 'user_48', 4, '8833-5-13', '4556-8-3');
INSERT INTO THINGRANK VALUES ('for_match5', '25290079', 'user_39', 5, '4168-8-6', '7987-10-28');
INSERT INTO THINGRANK VALUES ('for_match6', '25755835', 'user_14', 6, '2928-2-7', '9391-1-5');
INSERT INTO THINGRANK VALUES ('for_match7', '23382779', 'user_22', 7, '7593-5-21', '1089-11-13');
INSERT INTO THINGRANK VALUES ('for_match8', '26070557', 'user_35', 8, '3482-5-18', '2162-6-15');
INSERT INTO THINGRANK VALUES ('for_match9', '25458448', 'user_17', 9, '7750-8-29', '4246-3-9');
INSERT INTO THINGRANK VALUES ('for_match10', '18013943', 'user_40', 10, '3873-4-16', '4038-8-10');
INSERT INTO THINGRANK VALUES ('for_match11', '17856847', 'user_19', 11, '4553-3-11', '9925-10-27');
INSERT INTO THINGRANK VALUES ('for_match12', '17063413', 'user_44', 12, '8733-12-11', '4582-3-19');
INSERT INTO THINGRANK VALUES ('for_match13', '19994629', 'user_1', 13, '9349-4-20', '7230-7-18');
INSERT INTO THINGRANK VALUES ('for_match14', '23266088', 'user_24', 14, '3777-2-24', '5503-5-4');
INSERT INTO THINGRANK VALUES ('for_match15', '16410914', 'user_36', 15, '8661-1-16', '2532-7-1');
INSERT INTO THINGRANK VALUES ('for_match16', '26303950', 'user_24', 16, '6321-5-3', '6917-10-29');
INSERT INTO THINGRANK VALUES ('for_match17', '16630137', 'user_3', 17, '9625-7-16', '4239-4-25');
INSERT INTO THINGRANK VALUES ('for_match18', '16726942', 'user_44', 18, '4063-4-6', '2050-8-23');
INSERT INTO THINGRANK VALUES ('for_match19', '17163701', 'user_17', 19, '1216-6-30', '4503-3-20');
INSERT INTO THINGRANK VALUES ('for_match20', '25709407', 'user_37', 20, '2794-10-30', '2087-10-5');
INSERT INTO THINGRANK VALUES ('for_match21', '16642883', 'user_32', 21, '5500-12-7', '9135-12-11');
INSERT INTO THINGRANK VALUES ('for_match22', '26248029', 'user_28', 22, '8254-1-2', '1111-11-6');
INSERT INTO THINGRANK VALUES ('for_match23', '20546259', 'user_3', 23, '8465-9-15', '4375-11-10');
INSERT INTO THINGRANK VALUES ('for_match24', '17852141', 'user_18', 24, '6553-6-23', '9661-9-23');
INSERT INTO THINGRANK VALUES ('for_match25', '16718508', 'user_1', 25, '5497-9-19', '6800-2-14');
INSERT INTO THINGRANK VALUES ('for_match26', '19913970', 'user_45', 26, '9431-12-2', '6341-1-17');
INSERT INTO THINGRANK VALUES ('for_match27', '25592608', 'user_41', 27, '4423-10-1', '1112-6-25');
INSERT INTO THINGRANK VALUES ('for_match28', '16679243', 'user_10', 28, '5312-12-26', '3681-9-19');
INSERT INTO THINGRANK VALUES ('for_match29', '12074539', 'user_27', 29, '3053-7-6', '7357-11-17');
INSERT INTO THINGRANK VALUES ('for_match30', '17262371', 'user_17', 30, '7128-7-30', '9225-9-17');
INSERT INTO THINGRANK VALUES ('for_match31', '18095238', 'user_25', 31, '4570-9-15', '3082-11-17');
INSERT INTO THINGRANK VALUES ('for_match32', '18120193', 'user_44', 32, '1353-11-24', '6083-5-17');
INSERT INTO THINGRANK VALUES ('for_match33', '18390076', 'user_24', 33, '7852-12-4', '5075-7-21');
INSERT INTO THINGRANK VALUES ('for_match34', '23317507', 'user_22', 34, '1836-6-4', '3642-3-5');
INSERT INTO THINGRANK VALUES ('for_match35', '23178356', 'user_32', 35, '4196-10-13', '2844-6-16');
INSERT INTO THINGRANK VALUES ('for_match36', '19914111', 'user_34', 36, '4380-11-21', '9610-4-12');
INSERT INTO THINGRANK VALUES ('for_match37', '18223652', 'user_25', 37, '1835-2-30', '1775-9-25');
INSERT INTO THINGRANK VALUES ('for_match38', '17126506', 'user_47', 38, '9670-6-17', '8975-9-28');
INSERT INTO THINGRANK VALUES ('for_match39', '18070554', 'user_48', 39, '4038-2-10', '1558-1-28');
INSERT INTO THINGRANK VALUES ('for_match40', '12518380', 'user_17', 40, '7594-1-12', '6664-12-22');
INSERT INTO THINGRANK VALUES ('for_match41', '25292488', 'user_16', 41, '3230-4-18', '2303-1-8');
INSERT INTO THINGRANK VALUES ('for_match42', '26390340', 'user_1', 42, '6518-3-9', '6612-11-25');
INSERT INTO THINGRANK VALUES ('for_match43', '18042774', 'user_35', 43, '1560-3-28', '6165-7-11');
INSERT INTO THINGRANK VALUES ('for_match44', '18118531', 'user_29', 44, '4836-6-3', '7280-4-20');
INSERT INTO THINGRANK VALUES ('for_match45', '16731142', 'user_18', 45, '1671-6-25', '2599-4-7');
INSERT INTO THINGRANK VALUES ('for_match46', '16947896', 'user_24', 46, '6655-11-7', '9688-12-23');
INSERT INTO THINGRANK VALUES ('for_match47', '26431599', 'user_15', 47, '6675-5-11', '4807-7-28');
INSERT INTO THINGRANK VALUES ('for_match48', '17470753', 'user_37', 48, '5759-5-25', '5339-4-6');
INSERT INTO THINGRANK VALUES ('for_match49', '17720028', 'user_32', 49, '2564-8-19', '6501-9-24');
INSERT INTO THINGRANK VALUES ('for_match50', '16060477', 'user_29', 50, '8358-8-8', '4943-5-20');
------------------------------------------------
--RECEIPT (done)
INSERT INTO RECEIPT VALUES ('receipt_1', '3201-10-28', 'http://img1.jpg');
INSERT INTO RECEIPT VALUES ('receipt_2', '2033-5-4', 'http://img2.jpg');
INSERT INTO RECEIPT VALUES ('receipt_3', '9117-8-16', 'http://img3.jpg');
INSERT INTO RECEIPT VALUES ('receipt_4', '7219-4-4', 'http://img4.jpg');
INSERT INTO RECEIPT VALUES ('receipt_5', '8993-1-29', 'http://img5.jpg');
INSERT INTO RECEIPT VALUES ('receipt_6', '7386-7-20', 'http://img6.jpg');
INSERT INTO RECEIPT VALUES ('receipt_7', '1034-12-15', 'http://img7.jpg');
INSERT INTO RECEIPT VALUES ('receipt_8', '5363-12-26', 'http://img8.jpg');
INSERT INTO RECEIPT VALUES ('receipt_9', '4748-10-4', 'http://img9.jpg');
INSERT INTO RECEIPT VALUES ('receipt_10', '6200-1-1', 'http://img10.jpg');
INSERT INTO RECEIPT VALUES ('receipt_11', '1416-11-18', 'http://img11.jpg');
INSERT INTO RECEIPT VALUES ('receipt_12', '1150-7-22', 'http://img12.jpg');
INSERT INTO RECEIPT VALUES ('receipt_13', '4548-7-24', 'http://img13.jpg');
INSERT INTO RECEIPT VALUES ('receipt_14', '1475-9-8', 'http://img14.jpg');
INSERT INTO RECEIPT VALUES ('receipt_15', '8174-8-18', 'http://img15.jpg');
INSERT INTO RECEIPT VALUES ('receipt_16', '4818-6-8', 'http://img16.jpg');
INSERT INTO RECEIPT VALUES ('receipt_17', '4584-8-10', 'http://img17.jpg');
INSERT INTO RECEIPT VALUES ('receipt_18', '1352-7-27', 'http://img18.jpg');
INSERT INTO RECEIPT VALUES ('receipt_19', '2638-3-21', 'http://img19.jpg');
INSERT INTO RECEIPT VALUES ('receipt_20', '5856-2-24', 'http://img20.jpg');
INSERT INTO RECEIPT VALUES ('receipt_21', '6450-12-23', 'http://img21.jpg');
INSERT INTO RECEIPT VALUES ('receipt_22', '9205-7-17', 'http://img22.jpg');
INSERT INTO RECEIPT VALUES ('receipt_23', '4110-5-10', 'http://img23.jpg');
INSERT INTO RECEIPT VALUES ('receipt_24', '9181-9-13', 'http://img24.jpg');
INSERT INTO RECEIPT VALUES ('receipt_25', '1565-8-8', 'http://img25.jpg');
INSERT INTO RECEIPT VALUES ('receipt_26', '7623-7-22', 'http://img26.jpg');
INSERT INTO RECEIPT VALUES ('receipt_27', '3834-6-18', 'http://img27.jpg');
INSERT INTO RECEIPT VALUES ('receipt_28', '7139-2-15', 'http://img28.jpg');
INSERT INTO RECEIPT VALUES ('receipt_29', '9330-2-25', 'http://img29.jpg');
INSERT INTO RECEIPT VALUES ('receipt_30', '3682-9-27', 'http://img30.jpg');
INSERT INTO RECEIPT VALUES ('receipt_31', '7443-6-16', 'http://img31.jpg');
INSERT INTO RECEIPT VALUES ('receipt_32', '1484-8-2', 'http://img32.jpg');
INSERT INTO RECEIPT VALUES ('receipt_33', '6054-12-28', 'http://img33.jpg');
INSERT INTO RECEIPT VALUES ('receipt_34', '7448-11-6', 'http://img34.jpg');
INSERT INTO RECEIPT VALUES ('receipt_35', '3762-9-8', 'http://img35.jpg');
INSERT INTO RECEIPT VALUES ('receipt_36', '1201-4-18', 'http://img36.jpg');
INSERT INTO RECEIPT VALUES ('receipt_37', '9983-4-13', 'http://img37.jpg');
INSERT INTO RECEIPT VALUES ('receipt_38', '9417-6-28', 'http://img38.jpg');
INSERT INTO RECEIPT VALUES ('receipt_39', '6788-8-30', 'http://img39.jpg');
INSERT INTO RECEIPT VALUES ('receipt_40', '5411-11-18', 'http://img40.jpg');
INSERT INTO RECEIPT VALUES ('receipt_41', '1093-7-26', 'http://img41.jpg');
INSERT INTO RECEIPT VALUES ('receipt_42', '9396-3-17', 'http://img42.jpg');
INSERT INTO RECEIPT VALUES ('receipt_43', '4366-7-2', 'http://img43.jpg');
INSERT INTO RECEIPT VALUES ('receipt_44', '8882-6-19', 'http://img44.jpg');
INSERT INTO RECEIPT VALUES ('receipt_45', '4274-9-14', 'http://img45.jpg');
INSERT INTO RECEIPT VALUES ('receipt_46', '8945-6-14', 'http://img46.jpg');
INSERT INTO RECEIPT VALUES ('receipt_47', '6670-1-18', 'http://img47.jpg');
INSERT INTO RECEIPT VALUES ('receipt_48', '9849-10-26', 'http://img48.jpg');
INSERT INTO RECEIPT VALUES ('receipt_49', '6425-8-20', 'http://img49.jpg');
INSERT INTO RECEIPT VALUES ('receipt_50', '1458-4-21', 'http://img50.jpg');
------------------------------------------------
--FOLLOW (done)
desc follow;
INSERT INTO FOLLOW VALUES ('f00001', 'user_32', 'user_46', '4959-7-22');
INSERT INTO FOLLOW VALUES ('f00002', 'user_50', 'user_8', '6152-4-14');
INSERT INTO FOLLOW VALUES ('f00003', 'user_3', 'user_20', '7092-6-10');
INSERT INTO FOLLOW VALUES ('f00004', 'user_8', 'user_34', '1063-8-5');
INSERT INTO FOLLOW VALUES ('f00005', 'user_13', 'user_9', '9603-5-24');
INSERT INTO FOLLOW VALUES ('f00006', 'user_6', 'user_42', '8467-11-26');
INSERT INTO FOLLOW VALUES ('f00007', 'user_10', 'user_45', '1825-11-1');
INSERT INTO FOLLOW VALUES ('f00008', 'user_4', 'user_21', '3789-2-20');
INSERT INTO FOLLOW VALUES ('f00009', 'user_2', 'user_35', '1834-5-2');
INSERT INTO FOLLOW VALUES ('f00010', 'user_29', 'user_29', '5277-10-22');
INSERT INTO FOLLOW VALUES ('f00011', 'user_39', 'user_5', '2229-1-6');
INSERT INTO FOLLOW VALUES ('f00012', 'user_40', 'user_41', '7933-1-28');
INSERT INTO FOLLOW VALUES ('f00013', 'user_34', 'user_34', '9230-1-16');
INSERT INTO FOLLOW VALUES ('f00014', 'user_22', 'user_48', '8558-10-26');
INSERT INTO FOLLOW VALUES ('f00015', 'user_43', 'user_25', '5932-12-21');
INSERT INTO FOLLOW VALUES ('f00016', 'user_12', 'user_16', '4746-8-18');
INSERT INTO FOLLOW VALUES ('f00017', 'user_43', 'user_41', '5015-9-29');
INSERT INTO FOLLOW VALUES ('f00018', 'user_27', 'user_4', '1921-5-27');
INSERT INTO FOLLOW VALUES ('f00019', 'user_49', 'user_37', '9044-12-24');
INSERT INTO FOLLOW VALUES ('f00020', 'user_32', 'user_4', '4236-5-12');
INSERT INTO FOLLOW VALUES ('f00021', 'user_48', 'user_14', '2677-12-29');
INSERT INTO FOLLOW VALUES ('f00022', 'user_31', 'user_11', '2624-11-9');
INSERT INTO FOLLOW VALUES ('f00023', 'user_39', 'user_12', '5049-1-18');
INSERT INTO FOLLOW VALUES ('f00024', 'user_35', 'user_37', '3906-2-15');
INSERT INTO FOLLOW VALUES ('f00025', 'user_36', 'user_36', '8237-5-24');
INSERT INTO FOLLOW VALUES ('f00026', 'user_45', 'user_7', '9039-2-7');
INSERT INTO FOLLOW VALUES ('f00027', 'user_32', 'user_40', '4046-3-16');
INSERT INTO FOLLOW VALUES ('f00028', 'user_25', 'user_17', '2632-5-15');
INSERT INTO FOLLOW VALUES ('f00029', 'user_37', 'user_40', '5866-10-12');
INSERT INTO FOLLOW VALUES ('f00030', 'user_13', 'user_44', '6695-3-24');
INSERT INTO FOLLOW VALUES ('f00031', 'user_15', 'user_46', '8112-7-26');
INSERT INTO FOLLOW VALUES ('f00032', 'user_9', 'user_23', '5926-5-18');
INSERT INTO FOLLOW VALUES ('f00033', 'user_47', 'user_46', '8329-9-27');
INSERT INTO FOLLOW VALUES ('f00034', 'user_20', 'user_27', '8871-9-11');
INSERT INTO FOLLOW VALUES ('f00035', 'user_36', 'user_32', '1642-7-9');
INSERT INTO FOLLOW VALUES ('f00036', 'user_27', 'user_38', '6236-6-29');
INSERT INTO FOLLOW VALUES ('f00037', 'user_5', 'user_10', '7803-3-14');
INSERT INTO FOLLOW VALUES ('f00038', 'user_43', 'user_42', '2322-5-8');
INSERT INTO FOLLOW VALUES ('f00039', 'user_4', 'user_36', '7040-9-14');
INSERT INTO FOLLOW VALUES ('f00040', 'user_10', 'user_2', '1025-4-10');
INSERT INTO FOLLOW VALUES ('f00041', 'user_8', 'user_37', '7552-11-20');
INSERT INTO FOLLOW VALUES ('f00042', 'user_20', 'user_13', '3246-12-16');
INSERT INTO FOLLOW VALUES ('f00043', 'user_34', 'user_36', '7298-4-7');
INSERT INTO FOLLOW VALUES ('f00044', 'user_10', 'user_2', '7523-2-14');
INSERT INTO FOLLOW VALUES ('f00045', 'user_46', 'user_46', '4133-11-30');
INSERT INTO FOLLOW VALUES ('f00046', 'user_45', 'user_3', '8929-4-28');
INSERT INTO FOLLOW VALUES ('f00047', 'user_19', 'user_11', '6284-12-1');
INSERT INTO FOLLOW VALUES ('f00048', 'user_21', 'user_21', '8760-3-2');
INSERT INTO FOLLOW VALUES ('f00049', 'user_35', 'user_25', '1561-8-27');
INSERT INTO FOLLOW VALUES ('f00050', 'user_43', 'user_37', '7883-2-16');
------------------------------------------------
--RANKING_SNAPSHOT (done)
desc ranking_snapshot;
INSERT INTO RANKING_SNAPSHOT
VALUES ('snapshot_1', 'for_match50', 'user_48', '어쩐지 오늘 알람이 안 울려', '1446-3-1', '4762-11-24', 3762959458, 3369801087);
INSERT INTO RANKING_SNAPSHOT
VALUES ('snapshot_2', 'for_match34', 'user_2', '아무거나 막 입었고 지각이야', '7175-2-8', '3272-3-24', 7605666612, 7334243992);
INSERT INTO RANKING_SNAPSHOT
VALUES ('snapshot_3', 'for_match25', 'user_46', '아래로 몸을 낮추고 숨을 꾹 참아봤지만', '8644-10-11', '6618-4-27', 1118616518, 7260699957);
INSERT INTO RANKING_SNAPSHOT
VALUES ('snapshot_4', 'for_match50', 'user_16', '아이쿠 들켰나 봐', '7332-9-16', '4554-7-20', 3080719722, 5918720226);
INSERT INTO RANKING_SNAPSHOT
VALUES ('snapshot_5', 'for_match26', 'user_27', '내 맘이 방심할 때마다 불쑥 나타난 뒤', '4308-7-4', '8241-3-14', 3481704313, 6724632104);
INSERT INTO RANKING_SNAPSHOT
VALUES ('snapshot_6', 'for_match32', 'user_45', '헤엄치듯 멀어지는 너', '2203-10-30', '5254-9-29', 6901501482, 
6518023661);
INSERT INTO RANKING_SNAPSHOT
VALUES ('snapshot_7', 'for_match5', 'user_27', '또 물보라를 일으켜', '7937-12-3', '4570-4-23', 245155095, 4589768163);
INSERT INTO RANKING_SNAPSHOT
VALUES ('snapshot_8', 'for_match9', 'user_45', 'Da-da-da-da, da-da-da-da-da-da', '7443-12-14', '4593-8-19', 5765711314, 8070524870);
INSERT INTO RANKING_SNAPSHOT
VALUES ('snapshot_9', 'for_match36', 'user_4', 'Da-da-da-da 또 물보라를 일으켜', '5441-8-27', '2424-7-27', 6370416310, 9343950627);
INSERT INTO RANKING_SNAPSHOT
VALUES ('snapshot_10', 'for_match9', 'user_30', 'Da-da-da-da, da-da-da-da-da-da', '2590-4-8', '8387-11-7', 1239564555, 2519140731);
INSERT INTO RANKING_SNAPSHOT
VALUES ('snapshot_11', 'for_match45', 'user_23', 'Da-da-da-da 또 물보라를 일으켜', '4296-3-15', '7491-1-24', 1256790580, 9687774714);
INSERT INTO RANKING_SNAPSHOT
VALUES ('snapshot_12', 'for_match39', 'user_11', '이 파도 위 난 온종일', '5369-2-24', '1541-6-5', 78379356, 9059905965);
INSERT INTO RANKING_SNAPSHOT
VALUES ('snapshot_13', 'for_match5', 'user_38', '서핑을 하는 느낌 아찔한 feeling', '2751-11-23', '2889-12-1', 6036861241, 3763151214);
INSERT INTO RANKING_SNAPSHOT
VALUES ('snapshot_14', 'for_match2', 'user_18', '난 솔직히 푹 빠졌지', '4009-4-26', '9806-2-8', 3193943129, 7923155746);
INSERT INTO RANKING_SNAPSHOT
VALUES ('snapshot_15', 'for_match25', 'user_14', '하지만 이건 secret', '7660-8-8', '1284-10-8', 2981875994, 1332631273);
INSERT INTO RANKING_SNAPSHOT
VALUES ('snapshot_16', 'for_match35', 'user_44', '또 물보라를 일으켜', '1076-12-20', '3404-5-8', 6159256668, 889477912);
INSERT INTO RANKING_SNAPSHOT
VALUES ('snapshot_17', 'for_match24', 'user_27', '갑자기 웃으며 얼굴을 불쑥 다가온 뒤', '4606-9-9', '6170-10-22', 1210244802, 4790183635);
INSERT INTO RANKING_SNAPSHOT
VALUES ('snapshot_18', 'for_match34', 'user_42', '원을 갈라 하트를 그려', '2556-9-11', '6979-4-14', 2065730053, 6212187146);
INSERT INTO RANKING_SNAPSHOT
VALUES ('snapshot_19', 'for_match20', 'user_16', '또 물보라를 일으켜', '8245-1-23', '3244-10-2', 1490822776, 7259497225);
INSERT INTO RANKING_SNAPSHOT
VALUES ('snapshot_20', 'for_match39', 'user_11', 'Da-da-da-da, da-da-da-da-da-da', '1286-2-15', '1055-3-16', 3962986289, 5371677807);
INSERT INTO RANKING_SNAPSHOT
VALUES ('snapshot_21', 'for_match12', 'user_11', 'Da-da-da-da 또 물보라를 일으켜', '5649-4-3', '5789-10-1', 9344192871, 87414632);
INSERT INTO RANKING_SNAPSHOT
VALUES ('snapshot_22', 'for_match5', 'user_13', 'Da-da-da-da, da-da-da-da-da-da', '4506-1-12', '6049-11-24', 9316211125, 885603851);
INSERT INTO RANKING_SNAPSHOT
VALUES ('snapshot_23', 'for_match36', 'user_34', 'Da-da-da-da 또 물보라를 일으켜', '4668-1-28', '3315-3-26', 8744182882, 1653348692);
INSERT INTO RANKING_SNAPSHOT
VALUES ('snapshot_24', 'for_match15', 'user_43', 'Da-da-da-da, da-da-da-da-da-da', '4606-2-7', '6304-6-4', 8860845268, 86191612);
INSERT INTO RANKING_SNAPSHOT
VALUES ('snapshot_25', 'for_match19', 'user_37', 'Da-da-da-da 또 물보라를 일으켜', '2223-11-27', '6587-12-9', 7193502112, 3148664162);
INSERT INTO RANKING_SNAPSHOT
VALUES ('snapshot_26', 'for_match40', 'user_32', 'Da-da, da-da-da-da-da-da', '8964-1-6', '2560-2-27', 9248174263, 1491190537);
INSERT INTO RANKING_SNAPSHOT
VALUES ('snapshot_27', 'for_match21', 'user_9', 'Da-da-da-da 또 물보라를 일으켜', '3114-7-15', '7712-9-9', 9927484367, 8678348650);
INSERT INTO RANKING_SNAPSHOT
VALUES ('snapshot_28', 'for_match44', 'user_6', '단팥을 넣었으면 단팥빵', '6545-7-1', '1835-1-21', 2617760610, 
8257457560);
INSERT INTO RANKING_SNAPSHOT
VALUES ('snapshot_29', 'for_match10', 'user_1', '크림을 넣었으면 크림빵', '5409-3-9', '2146-6-3', 9284844700, 9134045240);
INSERT INTO RANKING_SNAPSHOT
VALUES ('snapshot_30', 'for_match41', 'user_28', '겨울엔 따끈따끈 호빵', '2569-1-30', '4348-8-30', 9487135646, 
391939547);
INSERT INTO RANKING_SNAPSHOT
VALUES ('snapshot_31', 'for_match36', 'user_6', '아침엔 똥글똥글 모닝빵', '6092-7-25', '4378-7-3', 7499889443, 
6364851718);
INSERT INTO RANKING_SNAPSHOT
VALUES ('snapshot_32', 'for_match9', 'user_38', '가루 가루 밀가루 반죽은', '5487-11-16', '4736-2-21', 4739758939, 6321939244);
INSERT INTO RANKING_SNAPSHOT
VALUES ('snapshot_33', 'for_match6', 'user_9', '치대고 치대면 부풀어 오르고', '5868-2-5', '9080-11-28', 1524280094, 132617011);
INSERT INTO RANKING_SNAPSHOT
VALUES ('snapshot_34', 'for_match15', 'user_30', '오랜 시간 손맛은', '4429-7-9', '6356-2-1', 5571231969, 6283543732);
INSERT INTO RANKING_SNAPSHOT
VALUES ('snapshot_35', 'for_match14', 'user_28', '우리를 배신하지 않는다', '9342-11-23', '9274-10-16', 2223146192, 1429105987);
INSERT INTO RANKING_SNAPSHOT
VALUES ('snapshot_36', 'for_match17', 'user_19', '빵 먹고 빵빵 뱃속이 빵빵', '7904-4-5', '5490-10-21', 5884518002, 7120713817);
INSERT INTO RANKING_SNAPSHOT
VALUES ('snapshot_37', 'for_match34', 'user_21', '빵 먹고 빵빵 든든해 빵빵', '5655-12-12', '9108-12-16', 6855457924, 2625945616);
INSERT INTO RANKING_SNAPSHOT
VALUES ('snapshot_38', 'for_match12', 'user_5', '딸기잼도 샐러드도', '8357-4-16', '1428-4-6', 7889803944, 743865552);
INSERT INTO RANKING_SNAPSHOT
VALUES ('snapshot_39', 'for_match15', 'user_20', '발라버려 어울려', '3826-7-29', '8286-5-19', 1176550933, 950371634);
INSERT INTO RANKING_SNAPSHOT
VALUES ('snapshot_40', 'for_match12', 'user_23', '빵 먹다 뻑뻑하면 우유를 한잔', '4007-3-27', '3593-2-20', 4632200142, 6741103041);
INSERT INTO RANKING_SNAPSHOT
VALUES ('snapshot_41', 'for_match18', 'user_13', '빵 먹다 너무달아 커피를 한잔', '8182-5-3', '9742-11-15', 6205346671, 636037865);
INSERT INTO RANKING_SNAPSHOT
VALUES ('snapshot_42', 'for_match30', 'user_8', '꼭꼭 씹어 먹다보면', '5683-12-13', '6890-7-2', 6050093607, 589767525);
INSERT INTO RANKING_SNAPSHOT
VALUES ('snapshot_43', 'for_match5', 'user_17', '살살 녹아버린다', '5012-4-19', '3919-3-11', 3820739897, 9020304107);
INSERT INTO RANKING_SNAPSHOT
VALUES ('snapshot_44', 'for_match16', 'user_47', '빵빵빵빵 빵 빵빵', '1648-4-1', '5513-10-27', 2722655189, 5987965746);
INSERT INTO RANKING_SNAPSHOT
VALUES ('snapshot_45', 'for_match1', 'user_24', '빵빵빵빵 빵 빵빵', '5578-12-20', '9449-2-18', 9967374624, 4295993114);
INSERT INTO RANKING_SNAPSHOT
VALUES ('snapshot_46', 'for_match8', 'user_3', '빵빵빵빵공공칠 빵', '1397-1-27', '4367-6-14', 5636013645, 4946092269);
INSERT INTO RANKING_SNAPSHOT
VALUES ('snapshot_47', 'for_match43', 'user_15', '안녕하세요', '8104-8-28', '8449-12-17', 5761242541, 4766964480);
INSERT INTO RANKING_SNAPSHOT
VALUES ('snapshot_48', 'for_match3', 'user_35', '제 이름은 빵빵빵 입니다', '1060-2-10', '3922-4-5', 8769779884, 8156922247);
INSERT INTO RANKING_SNAPSHOT
VALUES ('snapshot_49', 'for_match37', 'user_10', '50줄 체워야되서 쓰는데 뭘 써야될까요', '4460-3-5', '7646-4-29', 1762188277, 9275102832);
INSERT INTO RANKING_SNAPSHOT
VALUES ('snapshot_50', 'for_match35', 'user_11', '50줄 체웠나 확인해볼까요?', '5828-5-14', '1457-8-2', 1427946446, 9704019003);
------------------------------------------------
--VERIFY (done)
--(admin_id,신청한 날짜, 인증된 날짜) 추가 필요
--receipt_id 중복 제거 제약조건 추가 필요
INSERT INTO VERIFY VALUES ('verify1', 'receipt_46', '26248029', 'user_39', '8111-1-21');
INSERT INTO VERIFY VALUES ('verify2', 'receipt_32', '18390076', 'user_12', '9756-3-29');
INSERT INTO VERIFY VALUES ('verify3', 'receipt_4', '23382779', 'user_14', '1998-4-16');
INSERT INTO VERIFY VALUES ('verify4', 'receipt_40', '25458448', 'user_6', '4854-12-26');
INSERT INTO VERIFY VALUES ('verify5', 'receipt_50', '18095238', 'user_22', '7611-10-5');
INSERT INTO VERIFY VALUES ('verify6', 'receipt_45', '17470753', 'user_27', '3693-1-2');
INSERT INTO VERIFY VALUES ('verify7', 'receipt_38', '17856847', 'user_10', '2375-12-26');
INSERT INTO VERIFY VALUES ('verify8', 'receipt_3', '18042774', 'user_28', '7315-6-20');
INSERT INTO VERIFY VALUES ('verify9', 'receipt_28', '18095238', 'user_21', '4529-1-2');
INSERT INTO VERIFY VALUES ('verify10', 'receipt_1', '17720028', 'user_20', '8800-11-21');
INSERT INTO VERIFY VALUES ('verify11', 'receipt_14', '25755835', 'user_14', '6657-8-27');
INSERT INTO VERIFY VALUES ('verify12', 'receipt_27', '25458448', 'user_20', '2234-12-18');
INSERT INTO VERIFY VALUES ('verify13', 'receipt_42', '26070557', 'user_22', '6747-3-2');
INSERT INTO VERIFY VALUES ('verify14', 'receipt_16', '16642883', 'user_15', '7710-6-8');
INSERT INTO VERIFY VALUES ('verify15', 'receipt_26', '19914111', 'user_36', '6615-4-29');
INSERT INTO VERIFY VALUES ('verify16', 'receipt_30', '17572409', 'user_27', '6885-10-10');
INSERT INTO VERIFY VALUES ('verify17', 'receipt_25', '17262371', 'user_40', '1186-10-23');
INSERT INTO VERIFY VALUES ('verify18', 'receipt_18', '18042774', 'user_46', '6725-8-12');
INSERT INTO VERIFY VALUES ('verify19', 'receipt_24', '17126506', 'user_34', '8284-10-5');
INSERT INTO VERIFY VALUES ('verify20', 'receipt_7', '18095238', 'user_37', '2309-5-10');
INSERT INTO VERIFY VALUES ('verify21', 'receipt_29', '25458448', 'user_19', '1371-1-5');
INSERT INTO VERIFY VALUES ('verify22', 'receipt_9', '16630137', 'user_43', '2369-7-5');
INSERT INTO VERIFY VALUES ('verify23', 'receipt_13', '17126506', 'user_22', '7858-4-3');
INSERT INTO VERIFY VALUES ('verify24', 'receipt_39', '23266088', 'user_14', '9859-2-2');
INSERT INTO VERIFY VALUES ('verify25', 'receipt_44', '17856847', 'user_4', '7330-9-4');
INSERT INTO VERIFY VALUES ('verify26', 'receipt_48', '23178356', 'user_49', '1072-10-6');
INSERT INTO VERIFY VALUES ('verify27', 'receipt_19', '17856847', 'user_4', '9588-3-9');
INSERT INTO VERIFY VALUES ('verify28', 'receipt_6', '17126506', 'user_41', '8942-6-16');
INSERT INTO VERIFY VALUES ('verify29', 'receipt_33', '23317507', 'user_33', '2135-10-29');
INSERT INTO VERIFY VALUES ('verify30', 'receipt_47', '17470753', 'user_29', '4854-12-27');
INSERT INTO VERIFY VALUES ('verify31', 'receipt_11', '26070557', 'user_35', '7507-3-4');
INSERT INTO VERIFY VALUES ('verify32', 'receipt_5', '12074539', 'user_34', '5745-2-26');
INSERT INTO VERIFY VALUES ('verify33', 'receipt_8', '17126506', 'user_44', '9720-3-8');
INSERT INTO VERIFY VALUES ('verify34', 'receipt_23', '18118531', 'user_13', '6479-7-7');
INSERT INTO VERIFY VALUES ('verify35', 'receipt_35', '16947896', 'user_42', '7287-12-5');
INSERT INTO VERIFY VALUES ('verify36', 'receipt_17', '26248029', 'user_12', '3533-9-28');
INSERT INTO VERIFY VALUES ('verify37', 'receipt_43', '16410914', 'user_6', '3167-11-12');
INSERT INTO VERIFY VALUES ('verify38', 'receipt_12', '23178356', 'user_25', '9183-6-2');
INSERT INTO VERIFY VALUES ('verify39', 'receipt_36', '16642883', 'user_24', '8052-11-11');
INSERT INTO VERIFY VALUES ('verify40', 'receipt_22', '18223652', 'user_24', '3523-8-5');
INSERT INTO VERIFY VALUES ('verify41', 'receipt_31', '16726942', 'user_7', '6520-4-20');
INSERT INTO VERIFY VALUES ('verify42', 'receipt_20', '18118531', 'user_8', '8341-10-10');
INSERT INTO VERIFY VALUES ('verify43', 'receipt_49', '17856847', 'user_33', '5036-5-22');
INSERT INTO VERIFY VALUES ('verify44', 'receipt_2', '18095238', 'user_42', '7662-9-11');
INSERT INTO VERIFY VALUES ('verify45', 'receipt_34', '16947896', 'user_50', '2624-3-21');
INSERT INTO VERIFY VALUES ('verify46', 'receipt_37', '12518380', 'user_9', '2746-6-14');
INSERT INTO VERIFY VALUES ('verify47', 'receipt_41', '16410914', 'user_29', '1746-3-26');
INSERT INTO VERIFY VALUES ('verify48', 'receipt_15', '16679243', 'user_48', '7472-10-19');
INSERT INTO VERIFY VALUES ('verify49', 'receipt_21', '25290079', 'user_24', '3214-10-18');
INSERT INTO VERIFY VALUES ('verify50', 'receipt_10', '18118531', 'user_31', '1761-10-25');
------------------------------------------------
--SNAPSHOT_COMMENT
INSERT INTO SNAPSHOT_COMMENT VALUES ('comment1', 'snapshot_9', 'user_3', 'commt50', '3625-8-23', '9295-11-14');
INSERT INTO SNAPSHOT_COMMENT VALUES ('comment2', 'snapshot_37', 'user_35', 'commt49', '4614-11-26', '9463-8-8');
INSERT INTO SNAPSHOT_COMMENT VALUES ('comment3', 'snapshot_49', 'user_34', 'commt48', '1502-7-22', '6263-11-21');
INSERT INTO SNAPSHOT_COMMENT VALUES ('comment4', 'snapshot_5', 'user_28', 'commt47', '1963-12-10', '3059-4-29');
INSERT INTO SNAPSHOT_COMMENT VALUES ('comment5', 'snapshot_17', 'user_4', 'commt46', '6019-2-28', '2252-5-30');
INSERT INTO SNAPSHOT_COMMENT VALUES ('comment6', 'snapshot_8', 'user_20', 'commt45', '3592-7-19', '5134-3-1'); 
INSERT INTO SNAPSHOT_COMMENT VALUES ('comment7', 'snapshot_32', 'user_36', 'commt44', '1621-10-27', '4565-10-15');
INSERT INTO SNAPSHOT_COMMENT VALUES ('comment8', 'snapshot_29', 'user_11', 'commt43', '9337-1-13', '4283-6-4');
INSERT INTO SNAPSHOT_COMMENT VALUES ('comment9', 'snapshot_31', 'user_14', 'commt42', '8093-10-7', '9066-2-22');
INSERT INTO SNAPSHOT_COMMENT VALUES ('comment10', 'snapshot_42', 'user_25', 'commt41', '5850-9-16', '1281-6-20');
INSERT INTO SNAPSHOT_COMMENT VALUES ('comment11', 'snapshot_25', 'user_26', 'commt40', '5609-1-6', '4290-6-26');
INSERT INTO SNAPSHOT_COMMENT VALUES ('comment12', 'snapshot_14', 'user_37', 'commt39', '3214-6-14', '4490-5-22');
INSERT INTO SNAPSHOT_COMMENT VALUES ('comment13', 'snapshot_7', 'user_7', 'commt38', '7213-9-12', '9754-8-25');
INSERT INTO SNAPSHOT_COMMENT VALUES ('comment14', 'snapshot_2', 'user_35', 'commt37', '4844-2-24', '1661-2-5');
INSERT INTO SNAPSHOT_COMMENT VALUES ('comment15', 'snapshot_28', 'user_11', 'commt36', '3728-9-7', '5391-6-20');
INSERT INTO SNAPSHOT_COMMENT VALUES ('comment16', 'snapshot_39', 'user_33', 'commt35', '5182-6-11', '6575-2-10');
INSERT INTO SNAPSHOT_COMMENT VALUES ('comment17', 'snapshot_50', 'user_16', 'commt34', '9008-3-19', '2708-6-2');
INSERT INTO SNAPSHOT_COMMENT VALUES ('comment18', 'snapshot_1', 'user_27', 'commt33', '2199-7-28', '3413-3-11');
INSERT INTO SNAPSHOT_COMMENT VALUES ('comment19', 'snapshot_45', 'user_8', 'commt32', '7193-2-19', '4665-10-3');
INSERT INTO SNAPSHOT_COMMENT VALUES ('comment20', 'snapshot_18', 'user_18', 'commt31', '6978-5-19', '9753-2-15');
INSERT INTO SNAPSHOT_COMMENT VALUES ('comment21', 'snapshot_47', 'user_18', 'commt30', '2765-1-27', '5845-1-20');
INSERT INTO SNAPSHOT_COMMENT VALUES ('comment22', 'snapshot_15', 'user_43', 'commt29', '1238-2-14', '2885-1-7');
INSERT INTO SNAPSHOT_COMMENT VALUES ('comment23', 'snapshot_38', 'user_16', 'commt28', '7897-3-4', '8387-3-22');
INSERT INTO SNAPSHOT_COMMENT VALUES ('comment24', 'snapshot_21', 'user_16', 'commt27', '3604-12-28', '2684-7-30');
INSERT INTO SNAPSHOT_COMMENT VALUES ('comment25', 'snapshot_35', 'user_25', 'commt26', '9895-5-18', '5151-12-16');
INSERT INTO SNAPSHOT_COMMENT VALUES ('comment26', 'snapshot_44', 'user_21', 'commt25', '2640-4-21', '6200-1-1');
INSERT INTO SNAPSHOT_COMMENT VALUES ('comment27', 'snapshot_34', 'user_1', 'commt24', '5842-12-20', '6246-8-13');
INSERT INTO SNAPSHOT_COMMENT VALUES ('comment28', 'snapshot_36', 'user_21', 'commt23', '7529-2-3', '6199-10-15');
INSERT INTO SNAPSHOT_COMMENT VALUES ('comment29', 'snapshot_23', 'user_8', 'commt22', '5097-4-26', '9895-12-16');
INSERT INTO SNAPSHOT_COMMENT VALUES ('comment30', 'snapshot_30', 'user_43', 'commt21', '6829-5-6', '9873-4-10');
INSERT INTO SNAPSHOT_COMMENT VALUES ('comment31', 'snapshot_19', 'user_13', 'commt20', '5036-6-3', '5600-2-25');
INSERT INTO SNAPSHOT_COMMENT VALUES ('comment32', 'snapshot_27', 'user_29', 'commt19', '2482-11-19', '6552-4-13');
INSERT INTO SNAPSHOT_COMMENT VALUES ('comment33', 'snapshot_12', 'user_20', 'commt18', '1672-6-6', '6189-10-29');
INSERT INTO SNAPSHOT_COMMENT VALUES ('comment34', 'snapshot_41', 'user_20', 'commt17', '5027-6-4', '9916-10-19');
INSERT INTO SNAPSHOT_COMMENT VALUES ('comment35', 'snapshot_48', 'user_39', 'commt16', '2508-4-8', '1333-4-13');
INSERT INTO SNAPSHOT_COMMENT VALUES ('comment36', 'snapshot_22', 'user_5', 'commt15', '5391-9-28', '2161-12-3');
INSERT INTO SNAPSHOT_COMMENT VALUES ('comment37', 'snapshot_46', 'user_2', 'commt14', '1162-5-25', '6884-8-16');
INSERT INTO SNAPSHOT_COMMENT VALUES ('comment38', 'snapshot_33', 'user_10', 'commt13', '2653-9-25', '6375-2-17');
INSERT INTO SNAPSHOT_COMMENT VALUES ('comment39', 'snapshot_43', 'user_43', 'commt12', '3838-3-25', '3450-3-27');
INSERT INTO SNAPSHOT_COMMENT VALUES ('comment40', 'snapshot_13', 'user_21', 'commt11', '6007-2-23', '9427-10-10');
INSERT INTO SNAPSHOT_COMMENT VALUES ('comment41', 'snapshot_20', 'user_9', 'commt10', '4387-3-18', '1520-6-27');
INSERT INTO SNAPSHOT_COMMENT VALUES ('comment42', 'snapshot_26', 'user_40', 'commt9', '4365-3-10', '8088-9-6');
INSERT INTO SNAPSHOT_COMMENT VALUES ('comment43', 'snapshot_3', 'user_4', 'commt8', '5051-5-25', '2055-11-15');
INSERT INTO SNAPSHOT_COMMENT VALUES ('comment44', 'snapshot_16', 'user_28', 'commt7', '9999-5-18', '8199-9-15');
INSERT INTO SNAPSHOT_COMMENT VALUES ('comment45', 'snapshot_24', 'user_1', 'commt6', '7483-6-6', '5226-8-1');  
INSERT INTO SNAPSHOT_COMMENT VALUES ('comment46', 'snapshot_6', 'user_42', 'commt5', '7826-10-1', '2021-12-12');
INSERT INTO SNAPSHOT_COMMENT VALUES ('comment47', 'snapshot_11', 'user_38', 'commt4', '3265-10-5', '3269-5-27');
INSERT INTO SNAPSHOT_COMMENT VALUES ('comment48', 'snapshot_40', 'user_18', 'commt3', '7517-10-13', '3820-10-3');
INSERT INTO SNAPSHOT_COMMENT VALUES ('comment49', 'snapshot_4', 'user_15', 'commt2', '8962-1-6', '9662-6-17'); 
INSERT INTO SNAPSHOT_COMMENT VALUES ('comment50', 'snapshot_10', 'user_42', 'commt1', '8181-11-21', '4698-4-11');

select count(*) from admin; --10
select count(*) from follow; -- 49
select count(*) from ranking_snapshot; --49
select count(*) from receipt; --55
select count(*) from snapshot_comment; --53
select count(*) from thing; --50
select count(*) from thingrank; --49
select count(*) from users; --50
select count(*) from verify; --50
commit;
