,상가업소번호,상호명,상권업종소분류코드,경도,위도,시도명,시군구명,법정동명
11110,25750026,청도손칼국수,Q04A02,128.603406302255,35.8451484114597,대구광역시,남구,봉덕동
95061,18015106,정담고디요리전문점,Q05A09,128.593354331461,35.864432724458,대구광역시,중구,덕산동
43992,23404238,투데이로스팅커피,Q12A01,128.547211998188,35.941444152581,대구광역시,북구,관음동
5462,20717629,카페인헤븐,Q12A01,128.549851675655,35.9336988156451,대구광역시,북구,읍내동
57895,25430663,함지박식당,Q01A01,128.554202378133,35.8917134613919,대구광역시,북구,노원동3가
11374,16731889,에쏘라인,Q01A01,128.625766493537,35.8632678176872,대구광역시,수성구,범어동
85009,17442248,닥치고푸드,Q04A01,128.592937184913,35.888698348356,대구광역시,북구,침산동
56016,16486775,테트리스찜닭동서변연경점,Q01A01,128.595936611973,35.9268181971378,대구광역시,북구,서변동
21372,12558116,파리바게뜨,Q08A01,128.621460754544,35.893241008259,대구광역시,북구,복현동
71115,13429637,돈뭉치,Q01A99,128.640752163392,35.9160510533401,대구광역시,동구,불로동
40610,12496183,통큰스테이크,Q06A08,128.582254385527,35.8698138483558,대구광역시,중구,대신동
47573,12319243,오가미식당,Q01A01,128.565969766901,35.8907122031043,대구광역시,북구,노원동3가
58991,26446224,콩밭사랑,Q01A01,128.649740548248,35.7493568474073,대구광역시,달성군,가창면
55387,19920196,남산골,Q01A01,128.591430995806,35.8574299103907,대구광역시,중구,남산동
100313,18312463,만인의식탁,Q01A01,128.568787817553,35.8805139642989,대구광역시,서구,비산동
44456,22793147,천탁,Q01A01,128.612982364281,35.9027033388742,대구광역시,북구,산격동
2785,15549595,대구남구시니어클럽써니커피,Q12A01,128.606232730209,35.8528855776005,대구광역시,남구,이천동
41360,20815265,연짬뽕,Q02A00,128.539582647123,35.8184030003013,대구광역시,달서구,상인동
39722,13725641,호식이두마리치킨,Q05A08,128.631849655685,35.8261194664921,대구광역시,수성구,지산동
21641,25787121,화목수삼겹뷔폐,Q01A02,128.611163451636,35.8822526952697,대구광역시,북구,대현동
31211,17073341,라오니피자,Q07A01,128.554920946376,35.9264199054688,대구광역시,북구,구암동
90720,17759781,린베이커리,Q08A01,128.598030151933,35.8677895009238,대구광역시,중구,삼덕동1가
96903,18069594,김준호의대단한갈비대구,Q01A02,128.514958748017,35.8970166462475,대구광역시,북구,사수동
14611,16608752,감성포차꽃술,Q09A02,128.553198584888,35.855674160964,대구광역시,달서구,두류동
93352,17883360,바트,Q09A08,128.591989497201,35.8685134354677,대구광역시,중구,종로2가
92568,17833384,마실,Q09A02,128.466916076432,35.8498753107143,대구광역시,달성군,다사읍
85727,17441461,티바두마리치킨,Q05A08,128.588943701827,35.8459772728542,대구광역시,남구,대명동
35358,17132129,착한외식배달연구소,Q01A01,128.550676119812,35.8287180028093,대구광역시,달서구,송현동
59321,15936740,한끼갈비,Q01A02,128.60860933959,35.8929462889261,대구광역시,북구,산격동
26473,12659141,밥통령,Q01A01,128.632280551654,35.8873800561135,대구광역시,동구,신암동
5572,26362194,일출수산,Q03A02,128.61705037437,35.8558769874388,대구광역시,수성구,수성동2가
31452,17059583,풍국면,Q01A01,128.637743473865,35.922205007781,대구광역시,동구,봉무동
6688,25222948,닭올닭,Q05A03,128.516399814601,35.8117988977843,대구광역시,달서구,유천동
26554,16750663,레프트뱅크,Q12A01,128.535712924476,35.8172846283466,대구광역시,달서구,상인동
91793,17848710,삼첩분식,Q04A01,128.549164118336,35.9304301893584,대구광역시,북구,태전동
62404,14366540,과연풍천장어,Q01A99,128.63202201262,35.825523684782,대구광역시,수성구,지산동
77646,16562346,네네치킨,Q05A08,128.541732039105,35.8106238434505,대구광역시,달서구,상인동
84750,17436974,김도영의진주통닭,Q05A08,128.592041172364,35.8605725255196,대구광역시,중구,남산동
10517,15966183,비스트로피자,Q07A01,128.495226529695,35.8537819058957,대구광역시,달서구,신당동
84280,17372349,생고기더우277,Q01A99,128.530098329055,35.8416544744682,대구광역시,달서구,본리동
17788,23278261,해킹쭈꾸미,Q03A13,128.443207485261,35.7891068556988,대구광역시,달성군,옥포읍
103838,18535370,남영미한식뷔페,Q15A01,128.588284579083,35.8916144604511,대구광역시,북구,침산동
77337,14073350,커피왕,Q12A01,128.586260244429,35.8889744791989,대구광역시,북구,침산동
86199,17474073,마차이짬뽕,Q02A00,128.418080960606,35.6508843248197,대구광역시,달성군,구지면
87115,17210672,맛사랑소머리곰탕,Q01A09,128.733345325547,35.864146526982,대구광역시,동구,신서동
21024,12568965,코코커피,Q08A01,128.542555147183,35.9265935928979,대구광역시,북구,태전동
96814,18071026,비스트로피자화원,Q07A01,128.44049985543,35.7815725747423,대구광역시,달성군,옥포읍
39372,16008753,햄튼어게인,Q01A01,128.624301820404,35.8303861278475,대구광역시,수성구,지산동
22462,23158288,멕시카나양념통닭,Q01A01,128.576470691833,35.8448930681197,대구광역시,남구,대명동
7533,12274659,동서통닭,Q05A08,128.633798407203,35.8874351488855,대구광역시,동구,신암동
34195,16696274,정통청도김밥,Q04A01,128.546613760832,35.8286554257383,대구광역시,달서구,송현동
101282,18371757,진미가,Q01A01,128.700718031703,35.8721556583556,대구광역시,동구,신기동
33745,16112796,토마토7080라이브카페,Q09A10,128.464856291336,35.859257131436,대구광역시,달성군,다사읍
45450,19918089,뚜꺼비식당,Q01A01,128.543711465075,35.8623512240462,대구광역시,서구,중리동
83109,17206656,베르데,Q12A01,128.589497263528,35.8459835719582,대구광역시,남구,대명동
70336,11779056,호남식당,Q01A01,128.704851358771,35.8699683212185,대구광역시,동구,신기동
30334,16948062,떡담소,Q08A03,128.568252778269,35.9482053809066,대구광역시,북구,학정동
53674,19912256,밀뜨락,Q08A01,128.591973967473,35.8515325745441,대구광역시,남구,대명동
31545,17067107,구마적,Q01A99,128.598411198117,35.8477692054354,대구광역시,남구,봉덕동
10741,16586423,달달,Q12A01,128.597797051459,35.866240386635,대구광역시,중구,삼덕동1가
58347,23240441,포장회도매수산,Q03A99,128.59542385969,35.8968429804065,대구광역시,북구,산격동
33606,16096641,팔공반점,Q02A00,128.646152412159,35.8879551828432,대구광역시,동구,검사동
98068,18181583,캔버스커피,Q12A01,128.571539701053,35.8395987892097,대구광역시,남구,대명동
20568,11928847,디스커버리커피,Q12A01,128.634406306337,35.859491039132,대구광역시,수성구,범어동
78889,17088821,동행프로젝트,Q12A01,128.704957163129,35.8456501514899,대구광역시,수성구,매호동
6614,26328383,옛날감자탕,Q01A01,128.548990344705,35.842678293605,대구광역시,달서구,성당동
46165,12463323,라라코스트신서혁신점,Q01A01,128.732170432473,35.8772587978468,대구광역시,동구,신서동
53457,16464733,착한369치킨호프,Q09A01,128.601577343503,35.9209946202609,대구광역시,북구,동변동
34043,17111806,한끼오솥찜닭,Q01A01,128.594786384663,35.8456510597033,대구광역시,남구,봉덕동
29085,17037699,진라멘,Q01A01,128.638960666359,35.8226838754232,대구광역시,수성구,지산동
75429,26365769,이모칼국수,Q04A01,128.550717347676,35.8587050009998,대구광역시,서구,내당동
32369,20370114,강남동동주,Q01A01,128.548139029974,35.9360500653492,대구광역시,북구,관음동
62976,16414768,카츠효,Q03A03,128.589268853733,35.8555116992208,대구광역시,남구,대명동
22640,20560342,파리바게뜨,Q08A01,128.55055517834,35.86247328524,대구광역시,서구,내당동
100947,18331259,수성바베큐캠프,Q01A01,128.619642914849,35.8632184357386,대구광역시,수성구,수성동4가
79969,17838348,유담,Q02A00,128.552412074707,35.842842879676,대구광역시,달서구,성당동
37446,17561974,백만식당,Q01A01,128.704967221245,35.8717973121821,대구광역시,동구,신기동
31682,12662335,해솔찜명가,Q01A01,128.571302770978,35.9422873100934,대구광역시,북구,구암동
102332,18429022,와커피,Q12A01,128.604848875039,35.8630955307433,대구광역시,중구,삼덕동2가
38979,12210299,까치놀,Q03A02,128.486324008267,35.8499786006023,대구광역시,달서구,호산동
10785,15997654,볼륨,Q01A01,128.617931666224,35.8652912754825,대구광역시,수성구,범어동
71685,19914553,조광식당,Q01A01,128.575038465933,35.8887673437836,대구광역시,북구,노원동2가
86874,17524678,프레드피자수성구점,Q06A01,128.630014199488,35.8655349747963,대구광역시,수성구,범어동
14111,16598928,오우,Q09A07,128.589006181312,35.8693933679413,대구광역시,중구,수동
40516,12496892,기라성,Q09A10,128.56523796582,35.8890482061575,대구광역시,서구,비산동
24934,12080561,빵장수꽈배기,Q08A01,128.611436741183,35.8947525902881,대구광역시,북구,산격동
93553,17856845,또와분식,Q04A01,128.732288109878,35.8695879020508,대구광역시,동구,신서동
81007,16980308,치킨구단,Q01A01,128.634873230851,35.8736122632648,대구광역시,동구,효목동
43880,19919525,아지방,Q01A01,128.589280198746,35.8645248814098,대구광역시,중구,남산동
21340,11771401,신불떡볶이,Q04A03,128.580023800983,35.8478773881926,대구광역시,남구,대명동
64560,25249722,디토르테,Q01A01,128.598809730946,35.8683804905147,대구광역시,중구,공평동
40192,12546331,나드리김밥감삼점,Q04A01,128.54156702192,35.8514909102589,대구광역시,달서구,감삼동
8475,20298526,코페아커피,Q12A01,128.599925798315,35.8621918507086,대구광역시,중구,봉산동
38725,12620521,아재가꿉어주께,Q01A01,128.494460297544,35.8587603963284,대구광역시,달서구,신당동
24762,17014544,칠곡에소문난집,Q01A01,128.554346371422,35.9250705861977,대구광역시,북구,구암동
100263,18316228,산홍아나고곰장어,Q01A01,128.615009559191,35.8969606018676,대구광역시,북구,복현동
11416,25671987,스모프치킨,Q05A08,128.552880197749,35.8799753327191,대구광역시,서구,평리동
75367,19918778,신대우식당,Q01A01,128.548543550767,35.8919106892978,대구광역시,서구,비산동
82664,17257902,더커먼,Q12A01,128.606398383369,35.8673690003836,대구광역시,중구,동인동4가
17907,25885285,김여사네닭,Q05A08,128.484689337134,35.8506071227562,대구광역시,달서구,호산동
32825,26218806,삼천포수산,Q03A02,128.536953241359,35.8075537064855,대구광역시,달서구,도원동
14507,16595503,역전할머니맥주,Q09A01,128.584461467339,35.8567069005294,대구광역시,중구,남산동
22632,12482533,허브,Q12A01,128.624750426978,35.865012655406,대구광역시,수성구,범어동
34028,16114039,방촌역야시장,Q01A01,128.669059425483,35.8802497053982,대구광역시,동구,방촌동
83643,17270932,어사,Q03A02,128.496456613302,35.8770491024133,대구광역시,달성군,다사읍
41827,26156987,목구멍때밀어왕소금구이,Q01A02,128.577950776732,35.8764683611935,대구광역시,서구,비산동
63859,16428809,헤이차일드,Q14A02,128.630301150153,35.8766016788384,대구광역시,동구,신천동
67583,16447103,장군이막창,Q01A01,128.531080255142,35.8029469316856,대구광역시,달서구,대곡동
26482,12043436,현정이네,Q01A01,128.611757931445,35.8414377938363,대구광역시,수성구,중동
83350,17251521,도담이모순대,Q01A01,128.556714645083,35.8534136199168,대구광역시,달서구,두류동
85520,17481354,일품칼국수,Q01A01,128.54425767273,35.8402031390762,대구광역시,달서구,본리동
74677,16586863,명륜진사갈비,Q01A02,128.562149127096,35.9331100877882,대구광역시,북구,구암동
90533,17757799,일공공샤브,Q10A02,128.626556140064,35.8707446648055,대구광역시,동구,신천동
71109,12521579,국수명가,Q01A01,128.554878951391,35.9267535862998,대구광역시,북구,구암동
23447,17002495,이땅애우리한우,Q01A99,128.602414842901,35.8706698515026,대구광역시,중구,동인동2가
70081,11783941,반반다방은행나무길봉산점,Q12A01,128.599259692372,35.863429987092,대구광역시,중구,봉산동
20610,20450387,예천,Q02A00,128.577836411208,35.8591905457136,대구광역시,중구,남산동
99239,18251518,더리터수성ic점,Q12A01,128.682063901287,35.8378776793484,대구광역시,수성구,대흥동
37076,16021475,빅펑스,Q09A07,128.552995045235,35.8550621959802,대구광역시,달서구,두류동
103002,18472578,노랑고래찹쌀꽈배기,Q04A01,128.537676647262,35.8196643925284,대구광역시,달서구,상인동
92733,17909923,처갓집양념치킨,Q05A08,128.717744385541,35.8789411823029,대구광역시,동구,각산동
51127,12549950,핸즈커피복현점,Q12A01,128.625567068165,35.8914260704,대구광역시,북구,복현동
10283,15998498,어튼,Q06A01,128.61072980629,35.866157315887,대구광역시,중구,동인동4가
38191,23392440,문엔닭,Q05A08,128.62485982335,35.891637054781,대구광역시,북구,복현동
86657,17526520,스시이에,Q03A03,128.590994968106,35.8702849234723,대구광역시,중구,종로1가
31331,17054196,젤리베이커리,Q08A01,128.618952081543,35.812783820869,대구광역시,수성구,파동
64434,16389594,브린디스,Q06A01,128.60953829893,35.8638379559907,대구광역시,중구,삼덕동3가
82910,17265564,카페051,Q12A01,128.421100141509,35.6580216082054,대구광역시,달성군,구지면
31515,12030975,도레미,Q07A04,128.5817277517,35.868969156094,대구광역시,중구,대신동
4263,25888958,추자도회수산,Q03A01,128.491555086798,35.8006273295897,대구광역시,달성군,화원읍
29754,20031847,녹조다방,Q12A01,128.598501990882,35.8451188567961,대구광역시,남구,봉덕동
30277,16961350,트로스트,Q08A01,128.708730471869,35.8404904356482,대구광역시,수성구,신매동
30590,16963552,차림,Q01A01,128.603688886546,35.8619837245674,대구광역시,중구,대봉동
43626,16047259,종로국수,Q04A02,128.574393846026,35.8562416930645,대구광역시,남구,대명동
48407,23286607,미야코,Q03A02,128.692019231457,35.8663925884174,대구광역시,동구,율하동
10353,17150534,윤옥연할매떡볶이,Q04A03,128.589567843533,35.8555192458434,대구광역시,남구,대명동
35601,17121468,각일병2,Q09A10,128.505848532069,35.8527461988483,대구광역시,달서구,이곡동
1589,19957235,드림김밥,Q04A01,128.710466757987,35.8403089329728,대구광역시,수성구,신매동
45366,17152823,술파는요리도사,Q01A01,128.590812335603,35.8904303385241,대구광역시,북구,침산동
50791,12540376,바르미스시,Q03A03,128.626326438507,35.8711063906166,대구광역시,동구,신천동
30894,17053211,동촌라이브,Q09A10,128.65376047772,35.8797210455353,대구광역시,동구,효목동
25533,25721093,거창할매집,Q04A02,128.62527884734,35.8688495333372,대구광역시,동구,신천동
98885,18239840,뚜레쥬르,Q08A01,128.522279995992,35.8141530182331,대구광역시,달서구,진천동
97369,18116349,동양족발,Q01A08,128.670984814245,35.8813656114346,대구광역시,동구,방촌동
55548,16471910,성당동맑은어탕국수,Q04A02,128.555169380135,35.8382063591318,대구광역시,달서구,성당동
86783,17529396,마이카츠범어힐스테이트점,Q03A02,128.636543957225,35.8568118217092,대구광역시,수성구,범어동
50405,19916556,왕돌초횟집,Q03A01,128.554798361034,35.9263213272688,대구광역시,북구,구암동
85918,17467553,오스트,Q09A01,128.598701487876,35.8657671954672,대구광역시,중구,삼덕동1가
1643,25879023,대영복어,Q03A20,128.598008024886,35.8913681529058,대구광역시,북구,산격동
22272,17011061,십육번출구칼삼겹,Q01A02,128.569240969357,35.8571585266533,대구광역시,달서구,두류동
89220,17571525,달떡볶이,Q04A03,128.590087990759,35.8554896528819,대구광역시,남구,대명동
49173,12456466,스카이점핑랜드진천점,Q12A01,128.522462512373,35.8166759595178,대구광역시,달서구,대천동
65053,16408287,후라이드데이,Q01A01,128.716518476803,35.8793180393681,대구광역시,동구,각산동
55580,26152749,명동돈까스,Q06A01,128.578141773982,35.8798924643544,대구광역시,서구,원대동1가
61148,16234510,경자부엌,Q01A01,128.708600733324,35.8346145917123,대구광역시,수성구,신매동
24132,25634319,돈퀸,Q01A02,128.575780274016,35.862706567848,대구광역시,중구,남산동
82808,17256402,술꾼,Q09A01,128.570461728564,35.8760985622735,대구광역시,서구,비산동
35619,16113101,향기마루카페,Q12A01,128.650427840814,35.886607172205,대구광역시,동구,검사동
10115,20643581,달성식당,Q01A01,128.579721813328,35.8900247056758,대구광역시,북구,노원동1가
9965,12422280,사랑의빵나눔터,Q08A01,128.575573196807,35.8723517198861,대구광역시,서구,비산동
31508,17060351,라이브캐슬뮤직펍,Q01A01,128.691020507877,35.8393497481135,대구광역시,수성구,시지동
102872,18481175,토토,Q01A01,128.545277808294,35.9454637987237,대구광역시,북구,관음동
2123,25737862,영덕회게집,Q03A01,128.619241168789,35.8656630883717,대구광역시,수성구,범어동
75164,25557007,이룸coffee,Q12A01,128.546953451016,35.8249313840724,대구광역시,달서구,송현동
80906,23409335,BHC치킨,Q05A08,128.620290451227,35.8937337691631,대구광역시,북구,복현동
38163,26173958,바이킹치킨호프,Q05A08,128.509845636351,35.8562625135131,대구광역시,달서구,이곡동
26824,12037541,카페더로즈협동조합,Q12A01,128.630685218845,35.8593844435417,대구광역시,수성구,범어동
93077,17921022,케이에스메이드,Q06A02,128.569548790862,35.8738766273191,대구광역시,서구,비산동
85370,17500077,먹태,Q09A01,128.532224241612,35.8019413911215,대구광역시,달서구,대곡동
48100,23381785,홍구막구이,Q01A99,128.601694865025,35.8574600711692,대구광역시,중구,대봉동
29319,16745613,아이스맨,Q07A07,128.705701432931,35.844690384527,대구광역시,수성구,매호동
44144,15980067,봉평메밀마을,Q01A01,128.575679783185,35.8380828254746,대구광역시,남구,대명동
16288,16671354,왕돌해물찜,Q03A05,128.592937184913,35.888698348356,대구광역시,북구,침산동
29176,17044346,호식이두마리치킨,Q05A08,128.545885256758,35.8305605437908,대구광역시,달서구,송현동
1415,20558860,개미식당,Q01A01,128.647280628053,35.8687059705334,대구광역시,수성구,만촌동
52970,21977607,삼천포횟집,Q03A01,128.543016941149,35.840064538807,대구광역시,달서구,본리동
56616,22066978,피쉬앤그릴,Q09A02,128.536422440398,35.807601142661,대구광역시,달서구,도원동
67034,26029280,고향곱창,Q01A03,128.574017088003,35.8362250293053,대구광역시,남구,대명동
10705,15964271,정지퓨전레스토랑,Q06A07,128.614043518893,35.8564782507752,대구광역시,수성구,수성동2가
11204,22775470,고향숯불막창,Q01A03,128.553198584888,35.855674160964,대구광역시,달서구,두류동
25826,16988532,헐커피,Q12A01,128.623886064056,35.8437279023306,대구광역시,수성구,황금동
82250,28147803,천지특허짬뽕,Q02A00,128.598485504379,35.8443978784312,대구광역시,남구,봉덕동
97689,18054181,신월성조개구이무한리필클램시,Q03A09,128.525197485042,35.8236403583766,대구광역시,달서구,월성동
58264,16490291,홍춘별관성서,Q02A00,128.479094959716,35.8537030925088,대구광역시,달서구,호산동
12903,25684815,영덕회대게,Q03A10,128.503921258582,35.8543586617214,대구광역시,달서구,이곡동
31118,17036651,추박사라면핫도그,Q07A03,128.629204361595,35.8779503938852,대구광역시,동구,신천동
83424,17251500,프라이스커피,Q12A01,128.600836758413,35.8449810207917,대구광역시,남구,봉덕동
54494,22134620,시애틀의잠못이루는밤,Q12A01,128.598120429496,35.8709617047047,대구광역시,중구,문화동
61125,16372420,신매뒷고기촌,Q01A02,128.710397572998,35.8375152497043,대구광역시,수성구,신매동
39248,16029460,가창한우식육식당,Q01A01,128.634924166981,35.789689568574,대구광역시,달성군,가창면
41075,25054214,혜동갈비,Q01A04,128.620852863172,35.8394623175462,대구광역시,수성구,두산동
2949,25875058,춘천닭갈비,Q05A02,128.414668836557,35.6530774178014,대구광역시,달성군,구지면
43752,15956997,온기정,Q01A01,128.748805324951,35.8726496965561,대구광역시,동구,대림동
36690,20349375,고향석쇠숯불막창,Q01A03,128.546651589849,35.8519185511397,대구광역시,달서구,감삼동
37291,12618977,카츄마마대구동촌점,Q01A01,128.651737469104,35.8815256597672,대구광역시,동구,효목동
91657,17887769,헤기,Q01A01,128.597308306344,35.8719391725557,대구광역시,중구,문화동
34423,17126810,큰맘할매순대국,Q10A05,128.518522093415,35.8046331634799,대구광역시,달서구,대곡동
80504,20311502,맛고,Q01A01,128.614317635958,35.8962971684035,대구광역시,북구,복현동
32014,17065278,유천골목식당,Q01A01,128.509492638459,35.8131803704772,대구광역시,달서구,유천동
17041,16718647,사랑갈비,Q01A02,128.534219895107,35.8421950482582,대구광역시,달서구,장기동
42331,12503499,홀릭바베,Q01A01,128.599988700256,35.860253692062,대구광역시,중구,대봉동
33261,17083794,갈산집꼼장어,Q03A14,128.463535001661,35.8586222918104,대구광역시,달성군,다사읍
57044,15566417,나지무,Q01A04,128.602570215966,35.8560856727817,대구광역시,중구,대봉동
15979,20279365,커피판다,Q12A01,128.571539410224,35.8781214147286,대구광역시,서구,비산동
25355,17009299,메이드바이유,Q12A01,128.646566697852,35.8571548889587,대구광역시,수성구,만촌동
27515,23234289,탈랜트가요주점,Q09A10,128.628622918134,35.8730412472614,대구광역시,동구,신천동
59160,22117531,대원각반점,Q02A00,128.599408390799,35.836110090922,대구광역시,남구,봉덕동
24429,16975599,스시영,Q03A02,128.613678239219,35.8966970166351,대구광역시,북구,산격동
35830,17107998,교동스낵,Q04A01,128.598414096915,35.8717263656794,대구광역시,중구,동문동
84693,17521263,자갈치무침,Q01A01,128.663616256866,35.8809378599188,대구광역시,동구,방촌동
75177,23430346,돈절미,Q01A99,128.641877495974,35.9209391685292,대구광역시,동구,봉무동
7299,12441797,지코바양념치킨,Q01A01,128.697996313834,35.8686473563634,대구광역시,동구,율하동
95781,18104315,묘한타로,Q12A05,128.630755690069,35.8724712501879,대구광역시,동구,신천동
14556,16767851,뮤빔,Q06A01,128.598663365507,35.8665875887919,대구광역시,중구,삼덕동1가
18136,16698102,시골숯불치킨,Q09A01,128.605591926435,35.8981711565323,대구광역시,북구,산격동
96588,18134444,오!해삐,Q08A01,128.53831018107,35.8069527579708,대구광역시,달서구,도원동
68937,16442156,헵번1953,Q12A01,128.640007956074,35.8869245253725,대구광역시,동구,효목동
60930,28157703,두원즉석두부,Q01A11,128.620559404685,35.8742548858923,대구광역시,동구,신천동
22265,16971034,나드리김밥,Q04A01,128.418005942838,35.6555626557388,대구광역시,달성군,구지면
75486,15727740,아지야분식,Q04A01,128.499602699396,35.8560171129151,대구광역시,달서구,신당동
7948,23216881,스타벅스,Q12A01,128.591953455867,35.8874864191681,대구광역시,북구,침산동
50158,12490687,신라식당,Q01A01,128.580457145293,35.8739145490611,대구광역시,중구,달성동
69447,20347096,전주식콩나물해장국,Q01A05,128.695868995346,35.8418995496103,대구광역시,수성구,시지동
10602,25906168,해오름회,Q03A01,128.544407462696,35.9252242208717,대구광역시,북구,태전동
34982,12003765,본죽&비빔밥CAFE대구경북대병원점,Q10A01,128.603200320655,35.8661863409542,대구광역시,중구,삼덕동2가
63973,16205577,60계치킨,Q05A08,128.690617026218,35.8643096005688,대구광역시,동구,율하동
31218,17077601,칠성로막창,Q01A03,128.594023179621,35.8798690606138,대구광역시,북구,칠성동2가
91023,17756540,수목원한우잡는날,Q01A99,128.518802302266,35.8085888161515,대구광역시,달서구,진천동
15332,16729681,더리터,Q12A01,128.463756544278,35.8586394635526,대구광역시,달성군,다사읍
4295,25300520,해선정,Q01A01,128.448616394854,35.6943911899161,대구광역시,달성군,현풍읍
11679,16665842,자성화코다리,Q03A99,128.624674825008,35.9836167348089,대구광역시,동구,송정동
93166,17915627,락참치연어,Q03A04,128.454281578984,35.6977319977442,대구광역시,달성군,현풍읍
55407,27419340,찬주수산,Q03A02,128.56717894522,35.8583400004252,대구광역시,달서구,두류동
31278,17055497,장수복집,Q03A20,128.613293123375,35.9056490554,대구광역시,북구,산격동
25327,16052822,경대학생식당및매점,Q14A01,128.60181674798,35.8706548226058,대구광역시,중구,동인동2가
65991,16383126,마라전설,Q05A08,128.582977740534,35.8536676304054,대구광역시,남구,대명동
86732,17531965,등원,Q02A00,128.716552001132,35.8362889712079,대구광역시,수성구,신매동
25788,17017525,153커피팩토리,Q12A01,128.598954685653,35.8640984867759,대구광역시,중구,봉산동
90543,17746367,바삭하닭,Q05A08,128.618355102732,35.8727610472882,대구광역시,동구,신천동
12510,20637283,서민식당,Q01A01,128.606878500966,35.8678893427481,대구광역시,중구,동인동4가
86067,17462851,뚱땡이분식,Q01A01,128.637039192144,35.8190527124368,대구광역시,수성구,지산동
45817,17145782,엉클더쿡,Q01A01,128.612943537424,35.8343923979387,대구광역시,수성구,상동
17184,16699603,동산옻닭,Q01A01,128.616539095033,35.8756365790912,대구광역시,동구,신천동
96782,18145184,아이럽베지,Q08A01,128.418749906059,35.660562628232,대구광역시,달성군,구지면
48401,12455188,뉴욕핫도그앤커피계명대학교동영관점,Q12A01,128.481507711961,35.8535672624937,대구광역시,달서구,신당동
53500,25584808,미성참갈비,Q01A02,128.598709433366,35.9227304646038,대구광역시,북구,서변동
13234,25625988,갈매기먹짱,Q01A02,128.547082146806,35.9258159451733,대구광역시,북구,태전동
85389,17445912,송림,Q01A01,128.542686633988,35.9198872031448,대구광역시,북구,태전동
12725,26040365,국밥인생,Q01A01,128.572122676929,35.8914672014423,대구광역시,북구,노원동2가
101711,18391124,포에버,Q09A10,128.533784441636,35.841638159031,대구광역시,달서구,본리동
88280,17572079,본코다리,Q03A99,128.536601758732,35.8654747339737,대구광역시,서구,중리동
85756,17441349,하오마루프룻,Q01A01,128.530409382338,35.8368309878294,대구광역시,달서구,본동
42245,26379530,전통소구레국밥,Q01A01,128.562854181582,35.8401625504387,대구광역시,남구,대명동
24575,12651781,다섯손가락,Q04A01,128.629687740706,35.8382536434139,대구광역시,수성구,지산동
21309,23242665,마니오레,Q01A99,128.599329223151,35.8667825599886,대구광역시,중구,삼덕동1가
29865,17029457,스시201,Q03A03,128.534563219406,35.8521171471309,대구광역시,달서구,죽전동
70668,11752087,각시,Q01A99,128.459840411502,35.6978641222668,대구광역시,달성군,유가읍
44400,19913122,시골장터,Q01A01,128.564507072648,35.8906289543577,대구광역시,북구,노원동3가
4310,15574839,돈박사곱창,Q01A03,128.59075490534,35.8424081449155,대구광역시,남구,대명동
46113,12475771,맛있는579,Q09A01,128.669511893181,35.8761101408689,대구광역시,동구,방촌동
18078,23206455,맥도날드,Q07A04,128.546518213015,35.9227720644751,대구광역시,북구,태전동
15047,16600792,빅토리아파크,Q12A01,128.504466083333,35.7532264488808,대구광역시,달성군,옥포읍
66428,26136751,마실터,Q01A01,128.446268132745,35.731021863179,대구광역시,달성군,논공읍
71276,12523583,몽글몽글구름순두부,Q01A15,128.630241202142,35.9765754831864,대구광역시,동구,중대동
49668,25277180,대백손칼국수,Q04A02,128.567772148354,35.9584916125036,대구광역시,북구,학정동
42260,20619486,사리원,Q01A01,128.554879407002,35.8680866724773,대구광역시,서구,평리동
23904,12648185,토브커피에이전시협동조합,Q12A01,128.6241515185,35.8295667013843,대구광역시,수성구,두산동
51659,23303786,본도시락,Q07A02,128.608741497428,35.8928464742267,대구광역시,북구,산격동
12525,20654876,사철오미각식당,Q01A07,128.603889592959,35.8753042512177,대구광역시,북구,칠성동1가
29296,17040900,기브온,Q12A01,128.369043346775,35.7026294167767,대구광역시,달성군,구지면
73378,26416235,처갓집양념치킨,Q05A08,128.448991611689,35.6943086691437,대구광역시,달성군,현풍읍
101413,18413004,에브리커피,Q12A01,128.549135173688,35.8074626296369,대구광역시,달서구,도원동
33619,16122463,꼬지쟁이,Q09A03,128.56482915447,35.8548629394413,대구광역시,달서구,두류동
70008,11752724,맨션5,Q01A01,128.592106127558,35.8693060243587,대구광역시,중구,종로2가
17325,16637483,이천짜장면삼천탕수육,Q02A01,128.632793489782,35.8209318716054,대구광역시,수성구,지산동
52278,12296824,상화식당,Q01A01,128.596797787313,35.8732666523219,대구광역시,중구,교동
43550,15986882,예담칼국수,Q04A02,128.71812114128,35.880191756465,대구광역시,동구,각산동
81920,15122245,스펠바운드,Q06A07,128.620614525917,35.824492518319,대구광역시,수성구,두산동
36818,16014583,비산분식당,Q01A01,128.570796228777,35.8702383755473,대구광역시,서구,비산동
54857,16409753,투썸플레이스,Q12A01,128.478905123821,35.8534334502703,대구광역시,달서구,호산동
103456,18533106,한끼갈비월성,Q01A01,128.527626964042,35.8194926026604,대구광역시,달서구,월성동
19629,11782891,카페세티모,Q12A01,128.612960466027,35.8811799822184,대구광역시,동구,신암동
44008,16051676,이크림,Q12A01,128.559886124197,35.939087360535,대구광역시,북구,동천동
103516,18528994,피자1991,Q06A01,128.700040553278,35.8706724367833,대구광역시,동구,율하동
88980,17680471,커피파는밥집,Q12A01,128.613406739871,35.8974014308213,대구광역시,북구,산격동
54728,16477104,백이산황태국밥,Q01A05,128.562793133141,35.9317190465747,대구광역시,북구,구암동
16874,23165465,상록정,Q01A01,128.545513913373,35.8458397598297,대구광역시,달서구,성당동
86885,17513445,그래도족발보쌈,Q03A02,128.606154523814,35.8978618705629,대구광역시,북구,산격동
34052,17133623,소미식당,Q01A01,128.483969359229,35.7976746740647,대구광역시,달성군,화원읍
21925,16971325,수성동빵창고,Q08A01,128.611982304463,35.8547942787345,대구광역시,수성구,수성동1가
36011,16150600,본죽&비빔밥,Q10A01,128.59898279004,35.8383925692777,대구광역시,남구,봉덕동
19872,25668599,양포이까산오징어생우럭탕,Q03A13,128.545185918816,35.8173141468945,대구광역시,달서구,상인동
79009,19919478,반월당휴게소,Q14A03,128.594165809656,35.8663395184022,대구광역시,중구,덕산동
55598,23466264,감성돼지,Q01A02,128.70427510306,35.8311068371989,대구광역시,수성구,신매동
102475,18444697,브나다,Q12A01,128.594952967078,35.8635054695721,대구광역시,중구,남산동
85903,17450625,인생짜글이,Q01A01,128.553248474188,35.9281311100599,대구광역시,북구,구암동
40528,26014050,갈비마니,Q01A01,128.571525487351,35.8777248992891,대구광역시,서구,비산동
92454,17812384,커피지긴Day요가도,Q12A01,128.561329209325,35.8295340011501,대구광역시,남구,대명동
42216,22919552,초림불고기마당식당,Q01A01,128.553068404428,35.8863378004947,대구광역시,서구,비산동
34870,20090606,가람식당,Q01A01,128.59312568049,35.8723835163883,대구광역시,중구,포정동
